route,tag,dataset,subject,seed,requested_max_subjects,selected_n,selection
A,AHAB,AHAB,1,20260608,,182,all_subjects
A,AHAB,AHAB,2,20260608,,182,all_subjects
A,AHAB,AHAB,3,20260608,,182,all_subjects
A,AHAB,AHAB,4,20260608,,182,all_subjects
A,AHAB,AHAB,5,20260608,,182,all_subjects
A,AHAB,AHAB,6,20260608,,182,all_subjects
A,AHAB,AHAB,7,20260608,,182,all_subjects
A,AHAB,AHAB,8,20260608,,182,all_subjects
A,AHAB,AHAB,9,20260608,,182,all_subjects
A,AHAB,AHAB,10,20260608,,182,all_subjects
A,AHAB,AHAB,11,20260608,,182,all_subjects
A,AHAB,AHAB,12,20260608,,182,all_subjects
A,AHAB,AHAB,13,20260608,,182,all_subjects
A,AHAB,AHAB,14,20260608,,182,all_subjects
A,AHAB,AHAB,15,20260608,,182,all_subjects
A,AHAB,AHAB,16,20260608,,182,all_subjects
A,AHAB,AHAB,17,20260608,,182,all_subjects
A,AHAB,AHAB,18,20260608,,182,all_subjects
A,AHAB,AHAB,19,20260608,,182,all_subjects
A,AHAB,AHAB,20,20260608,,182,all_subjects
A,AHAB,AHAB,21,20260608,,182,all_subjects
A,AHAB,AHAB,22,20260608,,182,all_subjects
A,AHAB,AHAB,23,20260608,,182,all_subjects
A,AHAB,AHAB,24,20260608,,182,all_subjects
A,AHAB,AHAB,25,20260608,,182,all_subjects
A,AHAB,AHAB,26,20260608,,182,all_subjects
A,AHAB,AHAB,27,20260608,,182,all_subjects
A,AHAB,AHAB,28,20260608,,182,all_subjects
A,AHAB,AHAB,29,20260608,,182,all_subjects
A,AHAB,AHAB,30,20260608,,182,all_subjects
A,AHAB,AHAB,31,20260608,,182,all_subjects
A,AHAB,AHAB,32,20260608,,182,all_subjects
A,AHAB,AHAB,33,20260608,,182,all_subjects
A,AHAB,AHAB,34,20260608,,182,all_subjects
A,AHAB,AHAB,35,20260608,,182,all_subjects
A,AHAB,AHAB,36,20260608,,182,all_subjects
A,AHAB,AHAB,37,20260608,,182,all_subjects
A,AHAB,AHAB,38,20260608,,182,all_subjects
A,AHAB,AHAB,39,20260608,,182,all_subjects
A,AHAB,AHAB,40,20260608,,182,all_subjects
A,AHAB,AHAB,41,20260608,,182,all_subjects
A,AHAB,AHAB,42,20260608,,182,all_subjects
A,AHAB,AHAB,43,20260608,,182,all_subjects
A,AHAB,AHAB,44,20260608,,182,all_subjects
A,AHAB,AHAB,45,20260608,,182,all_subjects
A,AHAB,AHAB,46,20260608,,182,all_subjects
A,AHAB,AHAB,47,20260608,,182,all_subjects
A,AHAB,AHAB,48,20260608,,182,all_subjects
A,AHAB,AHAB,49,20260608,,182,all_subjects
A,AHAB,AHAB,50,20260608,,182,all_subjects
A,AHAB,AHAB,51,20260608,,182,all_subjects
A,AHAB,AHAB,52,20260608,,182,all_subjects
A,AHAB,AHAB,53,20260608,,182,all_subjects
A,AHAB,AHAB,54,20260608,,182,all_subjects
A,AHAB,AHAB,55,20260608,,182,all_subjects
A,AHAB,AHAB,56,20260608,,182,all_subjects
A,AHAB,AHAB,57,20260608,,182,all_subjects
A,AHAB,AHAB,58,20260608,,182,all_subjects
A,AHAB,AHAB,59,20260608,,182,all_subjects
A,AHAB,AHAB,60,20260608,,182,all_subjects
A,AHAB,AHAB,61,20260608,,182,all_subjects
A,AHAB,AHAB,62,20260608,,182,all_subjects
A,AHAB,AHAB,63,20260608,,182,all_subjects
A,AHAB,AHAB,64,20260608,,182,all_subjects
A,AHAB,AHAB,65,20260608,,182,all_subjects
A,AHAB,AHAB,66,20260608,,182,all_subjects
A,AHAB,AHAB,67,20260608,,182,all_subjects
A,AHAB,AHAB,68,20260608,,182,all_subjects
A,AHAB,AHAB,69,20260608,,182,all_subjects
A,AHAB,AHAB,70,20260608,,182,all_subjects
A,AHAB,AHAB,71,20260608,,182,all_subjects
A,AHAB,AHAB,72,20260608,,182,all_subjects
A,AHAB,AHAB,73,20260608,,182,all_subjects
A,AHAB,AHAB,74,20260608,,182,all_subjects
A,AHAB,AHAB,75,20260608,,182,all_subjects
A,AHAB,AHAB,76,20260608,,182,all_subjects
A,AHAB,AHAB,77,20260608,,182,all_subjects
A,AHAB,AHAB,78,20260608,,182,all_subjects
A,AHAB,AHAB,79,20260608,,182,all_subjects
A,AHAB,AHAB,80,20260608,,182,all_subjects
A,AHAB,AHAB,81,20260608,,182,all_subjects
A,AHAB,AHAB,82,20260608,,182,all_subjects
A,AHAB,AHAB,83,20260608,,182,all_subjects
A,AHAB,AHAB,84,20260608,,182,all_subjects
A,AHAB,AHAB,85,20260608,,182,all_subjects
A,AHAB,AHAB,86,20260608,,182,all_subjects
A,AHAB,AHAB,87,20260608,,182,all_subjects
A,AHAB,AHAB,88,20260608,,182,all_subjects
A,AHAB,AHAB,89,20260608,,182,all_subjects
A,AHAB,AHAB,90,20260608,,182,all_subjects
A,AHAB,AHAB,91,20260608,,182,all_subjects
A,AHAB,AHAB,92,20260608,,182,all_subjects
A,AHAB,AHAB,93,20260608,,182,all_subjects
A,AHAB,AHAB,94,20260608,,182,all_subjects
A,AHAB,AHAB,95,20260608,,182,all_subjects
A,AHAB,AHAB,96,20260608,,182,all_subjects
A,AHAB,AHAB,97,20260608,,182,all_subjects
A,AHAB,AHAB,98,20260608,,182,all_subjects
A,AHAB,AHAB,99,20260608,,182,all_subjects
A,AHAB,AHAB,100,20260608,,182,all_subjects
A,AHAB,AHAB,101,20260608,,182,all_subjects
A,AHAB,AHAB,102,20260608,,182,all_subjects
A,AHAB,AHAB,103,20260608,,182,all_subjects
A,AHAB,AHAB,104,20260608,,182,all_subjects
A,AHAB,AHAB,105,20260608,,182,all_subjects
A,AHAB,AHAB,106,20260608,,182,all_subjects
A,AHAB,AHAB,107,20260608,,182,all_subjects
A,AHAB,AHAB,108,20260608,,182,all_subjects
A,AHAB,AHAB,109,20260608,,182,all_subjects
A,AHAB,AHAB,110,20260608,,182,all_subjects
A,AHAB,AHAB,111,20260608,,182,all_subjects
A,AHAB,AHAB,112,20260608,,182,all_subjects
A,AHAB,AHAB,113,20260608,,182,all_subjects
A,AHAB,AHAB,114,20260608,,182,all_subjects
A,AHAB,AHAB,115,20260608,,182,all_subjects
A,AHAB,AHAB,116,20260608,,182,all_subjects
A,AHAB,AHAB,117,20260608,,182,all_subjects
A,AHAB,AHAB,118,20260608,,182,all_subjects
A,AHAB,AHAB,119,20260608,,182,all_subjects
A,AHAB,AHAB,120,20260608,,182,all_subjects
A,AHAB,AHAB,121,20260608,,182,all_subjects
A,AHAB,AHAB,122,20260608,,182,all_subjects
A,AHAB,AHAB,123,20260608,,182,all_subjects
A,AHAB,AHAB,124,20260608,,182,all_subjects
A,AHAB,AHAB,125,20260608,,182,all_subjects
A,AHAB,AHAB,126,20260608,,182,all_subjects
A,AHAB,AHAB,127,20260608,,182,all_subjects
A,AHAB,AHAB,128,20260608,,182,all_subjects
A,AHAB,AHAB,129,20260608,,182,all_subjects
A,AHAB,AHAB,130,20260608,,182,all_subjects
A,AHAB,AHAB,131,20260608,,182,all_subjects
A,AHAB,AHAB,132,20260608,,182,all_subjects
A,AHAB,AHAB,133,20260608,,182,all_subjects
A,AHAB,AHAB,134,20260608,,182,all_subjects
A,AHAB,AHAB,135,20260608,,182,all_subjects
A,AHAB,AHAB,136,20260608,,182,all_subjects
A,AHAB,AHAB,137,20260608,,182,all_subjects
A,AHAB,AHAB,138,20260608,,182,all_subjects
A,AHAB,AHAB,139,20260608,,182,all_subjects
A,AHAB,AHAB,140,20260608,,182,all_subjects
A,AHAB,AHAB,141,20260608,,182,all_subjects
A,AHAB,AHAB,142,20260608,,182,all_subjects
A,AHAB,AHAB,143,20260608,,182,all_subjects
A,AHAB,AHAB,144,20260608,,182,all_subjects
A,AHAB,AHAB,145,20260608,,182,all_subjects
A,AHAB,AHAB,146,20260608,,182,all_subjects
A,AHAB,AHAB,147,20260608,,182,all_subjects
A,AHAB,AHAB,148,20260608,,182,all_subjects
A,AHAB,AHAB,149,20260608,,182,all_subjects
A,AHAB,AHAB,150,20260608,,182,all_subjects
A,AHAB,AHAB,151,20260608,,182,all_subjects
A,AHAB,AHAB,152,20260608,,182,all_subjects
A,AHAB,AHAB,153,20260608,,182,all_subjects
A,AHAB,AHAB,154,20260608,,182,all_subjects
A,AHAB,AHAB,155,20260608,,182,all_subjects
A,AHAB,AHAB,156,20260608,,182,all_subjects
A,AHAB,AHAB,157,20260608,,182,all_subjects
A,AHAB,AHAB,158,20260608,,182,all_subjects
A,AHAB,AHAB,159,20260608,,182,all_subjects
A,AHAB,AHAB,160,20260608,,182,all_subjects
A,AHAB,AHAB,161,20260608,,182,all_subjects
A,AHAB,AHAB,162,20260608,,182,all_subjects
A,AHAB,AHAB,163,20260608,,182,all_subjects
A,AHAB,AHAB,164,20260608,,182,all_subjects
A,AHAB,AHAB,165,20260608,,182,all_subjects
A,AHAB,AHAB,166,20260608,,182,all_subjects
A,AHAB,AHAB,167,20260608,,182,all_subjects
A,AHAB,AHAB,168,20260608,,182,all_subjects
A,AHAB,AHAB,169,20260608,,182,all_subjects
A,AHAB,AHAB,170,20260608,,182,all_subjects
A,AHAB,AHAB,171,20260608,,182,all_subjects
A,AHAB,AHAB,172,20260608,,182,all_subjects
A,AHAB,AHAB,173,20260608,,182,all_subjects
A,AHAB,AHAB,174,20260608,,182,all_subjects
A,AHAB,AHAB,175,20260608,,182,all_subjects
A,AHAB,AHAB,176,20260608,,182,all_subjects
A,AHAB,AHAB,177,20260608,,182,all_subjects
A,AHAB,AHAB,178,20260608,,182,all_subjects
A,AHAB,AHAB,179,20260608,,182,all_subjects
A,AHAB,AHAB,180,20260608,,182,all_subjects
A,AHAB,AHAB,181,20260608,,182,all_subjects
A,AHAB,AHAB,182,20260608,,182,all_subjects
